EXP5B_V100,FULL,GaussMarkov,1,15,0,100,100,0.3,200,1,20.3104,63.7876,0.0390,16601,324.7945,0
EXP5B_V100,FULL,GaussMarkov,1,15,0,100,100,0.3,200,10,37.1008,455.6202,0.0713,22098,325.1617,0
EXP5B_V100,FULL,GaussMarkov,1,15,0,100,100,0.3,200,11,43.2524,393.6862,0.0831,24301,325.4149,0
EXP5B_V100,FULL,GaussMarkov,1,15,0,100,100,0.3,200,12,54.1048,686.7910,0.1039,30495,325.6218,0
EXP5B_V100,FULL,GaussMarkov,1,15,0,100,100,0.3,200,13,35.9762,348.8499,0.0691,24785,325.2305,0
EXP5B_V100,FULL,GaussMarkov,1,15,0,100,100,0.3,200,14,56.7364,670.9016,0.1090,28946,325.8058,0
EXP5B_V100,FULL,GaussMarkov,1,15,0,100,100,0.3,200,15,32.3549,243.7688,0.0621,19517,325.3269,0
EXP5B_V100,FULL,GaussMarkov,1,15,0,100,100,0.3,200,16,37.0558,599.8186,0.0712,25436,325.5410,0
EXP5B_V100,FULL,GaussMarkov,1,15,0,100,100,0.3,200,17,23.6392,146.9691,0.0454,17975,324.5288,0
EXP5B_V100,FULL,GaussMarkov,1,15,0,100,100,0.3,200,18,44.2308,723.6294,0.0850,26100,325.5812,0
EXP5B_V100,FULL,GaussMarkov,1,15,0,100,100,0.3,200,19,46.4575,448.9005,0.0892,24857,324.8122,0
EXP5B_V100,FULL,GaussMarkov,1,15,0,100,100,0.3,200,2,46.8061,468.3743,0.0899,29508,325.9274,0
EXP5B_V100,FULL,GaussMarkov,1,15,0,100,100,0.3,200,20,36.8196,438.3966,0.0707,25476,325.3183,0
EXP5B_V100,FULL,GaussMarkov,1,15,0,100,100,0.3,200,21,41.0931,416.2570,0.0789,27733,325.9439,0
EXP5B_V100,FULL,GaussMarkov,1,15,0,100,100,0.3,200,22,35.7850,397.3849,0.0687,21361,325.1911,0
EXP5B_V100,FULL,GaussMarkov,1,15,0,100,100,0.3,200,23,30.5668,272.6273,0.0587,26407,325.8027,0
EXP5B_V100,FULL,GaussMarkov,1,15,0,100,100,0.3,200,24,49.5502,594.8490,0.0952,28075,325.5005,0
EXP5B_V100,FULL,GaussMarkov,1,15,0,100,100,0.3,200,25,42.7463,379.6514,0.0821,36517,325.6112,0
EXP5B_V100,FULL,GaussMarkov,1,15,0,100,100,0.3,200,26,28.3063,452.0359,0.0544,25066,325.0729,0
EXP5B_V100,FULL,GaussMarkov,1,15,0,100,100,0.3,200,27,21.3788,323.9464,0.0411,15563,324.8434,0
EXP5B_V100,FULL,GaussMarkov,1,15,0,100,100,0.3,200,28,40.1597,240.9235,0.0771,21598,325.0948,0
EXP5B_V100,FULL,GaussMarkov,1,15,0,100,100,0.3,200,29,29.5771,159.8545,0.0568,19657,325.2100,0
EXP5B_V100,FULL,GaussMarkov,1,15,0,100,100,0.3,200,3,46.3225,491.8861,0.0890,27307,325.6726,0
EXP5B_V100,FULL,GaussMarkov,1,15,0,100,100,0.3,200,30,28.3063,78.0546,0.0544,20780,324.8982,0
EXP5B_V100,FULL,GaussMarkov,1,15,0,100,100,0.3,200,4,39.3275,303.5190,0.0755,24708,325.5769,0
EXP5B_V100,FULL,GaussMarkov,1,15,0,100,100,0.3,200,5,34.6379,188.3365,0.0665,22512,325.7870,0
EXP5B_V100,FULL,GaussMarkov,1,15,0,100,100,0.3,200,6,48.0207,681.1496,0.0922,31851,327.1717,0
EXP5B_V100,FULL,GaussMarkov,1,15,0,100,100,0.3,200,7,22.3797,271.4053,0.0430,19360,326.0018,0
EXP5B_V100,FULL,GaussMarkov,1,15,0,100,100,0.3,200,8,21.7836,253.4182,0.0418,19500,324.8926,0
EXP5B_V100,FULL,GaussMarkov,1,15,0,100,100,0.3,200,9,30.9042,230.7550,0.0594,25195,324.8359,0
EXP5B_V70,FULL,GaussMarkov,1,15,0,70,70,0.3,200,1,47.5146,534.3186,0.0913,30428,325.7463,0
EXP5B_V70,FULL,GaussMarkov,1,15,0,70,70,0.3,200,10,26.1021,226.8625,0.0501,14555,324.8416,0
EXP5B_V70,FULL,GaussMarkov,1,15,0,70,70,0.3,200,11,43.9271,402.6805,0.0844,21954,324.6739,0
EXP5B_V70,FULL,GaussMarkov,1,15,0,70,70,0.3,200,12,46.2438,430.8447,0.0888,25917,325.3947,0
EXP5B_V70,FULL,GaussMarkov,1,15,0,70,70,0.3,200,13,33.9181,522.4037,0.0651,23573,325.2786,0
EXP5B_V70,FULL,GaussMarkov,1,15,0,70,70,0.3,200,14,47.3684,388.7701,0.0910,24022,325.2817,0
EXP5B_V70,FULL,GaussMarkov,1,15,0,70,70,0.3,200,15,51.9118,162.3200,0.0997,21870,325.6017,0
EXP5B_V70,FULL,GaussMarkov,1,15,0,70,70,0.3,200,16,53.2726,826.0053,0.1023,30723,325.9943,0
EXP5B_V70,FULL,GaussMarkov,1,15,0,70,70,0.3,200,17,53.6662,521.4695,0.1031,25278,325.9792,0
EXP5B_V70,FULL,GaussMarkov,1,15,0,70,70,0.3,200,18,46.2326,444.0119,0.0888,25894,326.5364,0
EXP5B_V70,FULL,GaussMarkov,1,15,0,70,70,0.3,200,19,50.9672,550.5417,0.0979,23186,325.0209,0
EXP5B_V70,FULL,GaussMarkov,1,15,0,70,70,0.3,200,2,30.4206,385.0319,0.0584,18986,325.7391,0
EXP5B_V70,FULL,GaussMarkov,1,15,0,70,70,0.3,200,20,45.2879,273.5194,0.0870,27048,326.4632,0
EXP5B_V70,FULL,GaussMarkov,1,15,0,70,70,0.3,200,21,53.3176,667.0223,0.1024,35185,326.4285,0
EXP5B_V70,FULL,GaussMarkov,1,15,0,70,70,0.3,200,22,31.7701,112.1662,0.0610,18210,325.0462,0
EXP5B_V70,FULL,GaussMarkov,1,15,0,70,70,0.3,200,23,24.8875,224.5786,0.0478,19890,325.1529,0
EXP5B_V70,FULL,GaussMarkov,1,15,0,70,70,0.3,200,24,45.7715,874.7753,0.0879,26530,325.2371,0
EXP5B_V70,FULL,GaussMarkov,1,15,0,70,70,0.3,200,25,59.1093,407.8551,0.1135,30811,325.1917,0
EXP5B_V70,FULL,GaussMarkov,1,15,0,70,70,0.3,200,26,29.5547,554.5664,0.0568,15838,324.8700,0
EXP5B_V70,FULL,GaussMarkov,1,15,0,70,70,0.3,200,27,43.0162,574.0736,0.0826,27110,325.3415,0
EXP5B_V70,FULL,GaussMarkov,1,15,0,70,70,0.3,200,28,58.3221,599.3713,0.1120,30511,325.4882,0
EXP5B_V70,FULL,GaussMarkov,1,15,0,70,70,0.3,200,29,38.0004,378.5551,0.0730,26680,325.3957,0
EXP5B_V70,FULL,GaussMarkov,1,15,0,70,70,0.3,200,3,59.9190,810.4275,0.1151,29223,325.5099,0
EXP5B_V70,FULL,GaussMarkov,1,15,0,70,70,0.3,200,30,32.8160,236.4476,0.0630,19739,325.5604,0
EXP5B_V70,FULL,GaussMarkov,1,15,0,70,70,0.3,200,4,51.2821,628.7994,0.0985,30671,325.4743,0
EXP5B_V70,FULL,GaussMarkov,1,15,0,70,70,0.3,200,5,35.4701,350.3077,0.0681,19232,325.1218,0
EXP5B_V70,FULL,GaussMarkov,1,15,0,70,70,0.3,200,6,34.5592,449.7727,0.0664,23806,325.1294,0
EXP5B_V70,FULL,GaussMarkov,1,15,0,70,70,0.3,200,7,42.4314,694.4462,0.0815,24963,325.1416,0
EXP5B_V70,FULL,GaussMarkov,1,15,0,70,70,0.3,200,8,20.8165,138.1656,0.0400,15113,324.7207,0
EXP5B_V70,FULL,GaussMarkov,1,15,0,70,70,0.3,200,9,63.1804,571.0341,0.1213,29040,325.7555,0
EXP5B_V100,NOSIGMOID,GaussMarkov,1,15,0,100,100,0.3,200,1,17.2177,15.8150,0.0331,16969,324.7945,0
EXP5B_V100,NOSIGMOID,GaussMarkov,1,15,0,100,100,0.3,200,10,45.3329,652.9939,0.0871,34437,325.1275,0
EXP5B_V100,NOSIGMOID,GaussMarkov,1,15,0,100,100,0.3,200,11,46.9411,512.4339,0.0902,28145,325.4237,0
EXP5B_V100,NOSIGMOID,GaussMarkov,1,15,0,100,100,0.3,200,12,44.7481,550.3591,0.0859,32019,325.5747,0
EXP5B_V100,NOSIGMOID,GaussMarkov,1,15,0,100,100,0.3,200,13,36.7971,499.0350,0.0707,25236,325.2305,0
EXP5B_V100,NOSIGMOID,GaussMarkov,1,15,0,100,100,0.3,200,14,57.0625,580.8553,0.1096,29280,325.8058,0
EXP5B_V100,NOSIGMOID,GaussMarkov,1,15,0,100,100,0.3,200,15,32.9397,289.9833,0.0633,19482,325.3269,0
EXP5B_V100,NOSIGMOID,GaussMarkov,1,15,0,100,100,0.3,200,16,37.6181,641.9231,0.0723,26332,325.5857,0
EXP5B_V100,NOSIGMOID,GaussMarkov,1,15,0,100,100,0.3,200,17,23.9541,77.2061,0.0460,16874,324.5288,0
EXP5B_V100,NOSIGMOID,GaussMarkov,1,15,0,100,100,0.3,200,18,42.9262,586.0068,0.0824,25066,325.6164,0
EXP5B_V100,NOSIGMOID,GaussMarkov,1,15,0,100,100,0.3,200,19,48.4031,554.2555,0.0930,25588,324.8157,0
EXP5B_V100,NOSIGMOID,GaussMarkov,1,15,0,100,100,0.3,200,2,52.4629,498.2156,0.1008,34397,326.3371,0
EXP5B_V100,NOSIGMOID,GaussMarkov,1,15,0,100,100,0.3,200,20,33.2996,504.7142,0.0640,20519,325.2968,0
EXP5B_V100,NOSIGMOID,GaussMarkov,1,15,0,100,100,0.3,200,21,43.0049,404.7561,0.0826,28640,325.9127,0
EXP5B_V100,NOSIGMOID,GaussMarkov,1,15,0,100,100,0.3,200,22,34.7503,447.5690,0.0667,21208,325.1911,0
EXP5B_V100,NOSIGMOID,GaussMarkov,1,15,0,100,100,0.3,200,23,24.7301,305.9876,0.0475,20460,325.1963,0
EXP5B_V100,NOSIGMOID,GaussMarkov,1,15,0,100,100,0.3,200,24,52.3167,757.1392,0.1005,29026,325.5005,0
EXP5B_V100,NOSIGMOID,GaussMarkov,1,15,0,100,100,0.3,200,25,37.0220,567.2759,0.0711,29712,325.6067,0
EXP5B_V100,NOSIGMOID,GaussMarkov,1,15,0,100,100,0.3,200,26,27.5079,504.3251,0.0528,24906,325.0713,0
EXP5B_V100,NOSIGMOID,GaussMarkov,1,15,0,100,100,0.3,200,27,23.0544,165.1785,0.0443,18540,324.8434,0
EXP5B_V100,NOSIGMOID,GaussMarkov,1,15,0,100,100,0.3,200,28,34.2105,276.0913,0.0657,17536,325.0948,0
EXP5B_V100,NOSIGMOID,GaussMarkov,1,15,0,100,100,0.3,200,29,34.9640,261.2551,0.0672,23282,325.2335,0
EXP5B_V100,NOSIGMOID,GaussMarkov,1,15,0,100,100,0.3,200,3,50.1237,566.6568,0.0963,28914,325.6726,0
EXP5B_V100,NOSIGMOID,GaussMarkov,1,15,0,100,100,0.3,200,30,30.1732,298.1740,0.0580,22544,324.8982,0
EXP5B_V100,NOSIGMOID,GaussMarkov,1,15,0,100,100,0.3,200,4,36.8309,307.7868,0.0707,21398,325.5769,0
EXP5B_V100,NOSIGMOID,GaussMarkov,1,15,0,100,100,0.3,200,5,36.2348,253.3204,0.0696,23412,325.7965,0
EXP5B_V100,NOSIGMOID,GaussMarkov,1,15,0,100,100,0.3,200,6,40.3396,358.6751,0.0775,31004,327.1717,0
EXP5B_V100,NOSIGMOID,GaussMarkov,1,15,0,100,100,0.3,200,7,23.7292,324.6294,0.0456,20351,325.9757,0
EXP5B_V100,NOSIGMOID,GaussMarkov,1,15,0,100,100,0.3,200,8,21.6824,141.5354,0.0416,19693,324.8926,0
EXP5B_V100,NOSIGMOID,GaussMarkov,1,15,0,100,100,0.3,200,9,32.6473,320.5946,0.0627,24481,324.8359,0
EXP5B_V70,NOSIGMOID,GaussMarkov,1,15,0,70,70,0.3,200,1,48.5493,628.1030,0.0932,28590,325.7463,0
EXP5B_V70,NOSIGMOID,GaussMarkov,1,15,0,70,70,0.3,200,10,31.4890,352.3268,0.0605,19801,324.8416,0
EXP5B_V70,NOSIGMOID,GaussMarkov,1,15,0,70,70,0.3,200,11,47.1210,430.8931,0.0905,22919,324.6739,0
EXP5B_V70,NOSIGMOID,GaussMarkov,1,15,0,70,70,0.3,200,12,48.6617,494.1598,0.0935,27785,325.3961,0
EXP5B_V70,NOSIGMOID,GaussMarkov,1,15,0,70,70,0.3,200,13,37.6181,531.4011,0.0723,25764,325.3392,0
EXP5B_V70,NOSIGMOID,GaussMarkov,1,15,0,70,70,0.3,200,14,51.4170,542.7491,0.0988,23742,325.2967,0
EXP5B_V70,NOSIGMOID,GaussMarkov,1,15,0,70,70,0.3,200,15,56.3315,233.1971,0.1082,22138,325.6254,0
EXP5B_V70,NOSIGMOID,GaussMarkov,1,15,0,70,70,0.3,200,16,54.3522,965.3245,0.1044,31538,325.9820,0
EXP5B_V70,NOSIGMOID,GaussMarkov,1,15,0,70,70,0.3,200,17,50.4161,341.2378,0.0968,26389,325.9786,0
EXP5B_V70,NOSIGMOID,GaussMarkov,1,15,0,70,70,0.3,200,18,48.8754,433.0046,0.0939,28687,326.5364,0
EXP5B_V70,NOSIGMOID,GaussMarkov,1,15,0,70,70,0.3,200,19,55.0382,687.8319,0.1057,22616,325.0209,0
EXP5B_V70,NOSIGMOID,GaussMarkov,1,15,0,70,70,0.3,200,2,30.1844,499.5380,0.0580,18641,325.6982,0
EXP5B_V70,NOSIGMOID,GaussMarkov,1,15,0,70,70,0.3,200,20,40.0810,286.7645,0.0770,23868,325.8987,0
EXP5B_V70,NOSIGMOID,GaussMarkov,1,15,0,70,70,0.3,200,21,57.6136,850.2048,0.1107,37325,326.4400,0
EXP5B_V70,NOSIGMOID,GaussMarkov,1,15,0,70,70,0.3,200,22,28.9699,289.7446,0.0556,17197,325.0462,0
EXP5B_V70,NOSIGMOID,GaussMarkov,1,15,0,70,70,0.3,200,23,25.3486,255.4665,0.0487,19510,325.1528,0
EXP5B_V70,NOSIGMOID,GaussMarkov,1,15,0,70,70,0.3,200,24,48.4930,724.2062,0.0931,27858,325.2371,0
EXP5B_V70,NOSIGMOID,GaussMarkov,1,15,0,70,70,0.3,200,25,53.3513,443.7553,0.1025,27091,325.1917,0
EXP5B_V70,NOSIGMOID,GaussMarkov,1,15,0,70,70,0.3,200,26,29.8695,604.7334,0.0574,15603,324.8701,0
EXP5B_V70,NOSIGMOID,GaussMarkov,1,15,0,70,70,0.3,200,27,32.3099,456.0201,0.0621,20066,325.3543,0
EXP5B_V70,NOSIGMOID,GaussMarkov,1,15,0,70,70,0.3,200,28,60.5263,566.3044,0.1163,27418,325.4818,0
EXP5B_V70,NOSIGMOID,GaussMarkov,1,15,0,70,70,0.3,200,29,35.4026,413.0275,0.0680,24136,325.4339,0
EXP5B_V70,NOSIGMOID,GaussMarkov,1,15,0,70,70,0.3,200,3,53.0702,542.5537,0.1019,29074,325.5099,0
EXP5B_V70,NOSIGMOID,GaussMarkov,1,15,0,70,70,0.3,200,30,44.9505,254.3538,0.0863,24429,325.5813,0
EXP5B_V70,NOSIGMOID,GaussMarkov,1,15,0,70,70,0.3,200,4,55.0045,657.7218,0.1056,32920,325.4733,0
EXP5B_V70,NOSIGMOID,GaussMarkov,1,15,0,70,70,0.3,200,5,32.0850,232.1064,0.0616,21519,325.1218,0
EXP5B_V70,NOSIGMOID,GaussMarkov,1,15,0,70,70,0.3,200,6,36.5160,618.6558,0.0701,24926,325.1294,0
EXP5B_V70,NOSIGMOID,GaussMarkov,1,15,0,70,70,0.3,200,7,35.9874,618.8393,0.0691,23009,325.1497,0
EXP5B_V70,NOSIGMOID,GaussMarkov,1,15,0,70,70,0.3,200,8,25.6973,230.7286,0.0494,17204,324.7220,0
EXP5B_V70,NOSIGMOID,GaussMarkov,1,15,0,70,70,0.3,200,9,61.1336,639.7905,0.1174,29296,325.7555,0
EXP5B_V100,NOTVI,GaussMarkov,1,15,0,100,100,0.3,200,1,16.6329,18.2026,0.0319,16776,324.8941,0
EXP5B_V100,NOTVI,GaussMarkov,1,15,0,100,100,0.3,200,10,41.8691,481.4869,0.0804,27448,325.0498,0
EXP5B_V100,NOTVI,GaussMarkov,1,15,0,100,100,0.3,200,11,50.8435,662.8117,0.0977,29292,325.1205,0
EXP5B_V100,NOTVI,GaussMarkov,1,15,0,100,100,0.3,200,12,46.3675,599.8990,0.0891,32366,326.5735,0
EXP5B_V100,NOTVI,GaussMarkov,1,15,0,100,100,0.3,200,13,28.7899,281.3496,0.0553,21400,325.2738,0
EXP5B_V100,NOTVI,GaussMarkov,1,15,0,100,100,0.3,200,14,29.6109,373.3093,0.0569,16575,325.1722,0
EXP5B_V100,NOTVI,GaussMarkov,1,15,0,100,100,0.3,200,15,38.6190,222.3651,0.0742,22706,325.7632,0
EXP5B_V100,NOTVI,GaussMarkov,1,15,0,100,100,0.3,200,16,31.0616,415.9657,0.0597,23720,325.4090,0
EXP5B_V100,NOTVI,GaussMarkov,1,15,0,100,100,0.3,200,17,23.9879,173.7773,0.0461,15243,324.5645,0
EXP5B_V100,NOTVI,GaussMarkov,1,15,0,100,100,0.3,200,18,35.9762,743.8112,0.0691,23535,325.3977,0
EXP5B_V100,NOTVI,GaussMarkov,1,15,0,100,100,0.3,200,19,43.2074,451.5463,0.0830,23912,324.9466,0
EXP5B_V100,NOTVI,GaussMarkov,1,15,0,100,100,0.3,200,2,42.7463,590.0758,0.0821,27111,325.6560,0
EXP5B_V100,NOTVI,GaussMarkov,1,15,0,100,100,0.3,200,20,44.0621,614.8274,0.0846,25435,325.2610,0
EXP5B_V100,NOTVI,GaussMarkov,1,15,0,100,100,0.3,200,21,57.3774,566.1773,0.1102,36973,326.1931,0
EXP5B_V100,NOTVI,GaussMarkov,1,15,0,100,100,0.3,200,22,32.1413,218.8771,0.0617,18091,325.2757,0
EXP5B_V100,NOTVI,GaussMarkov,1,15,0,100,100,0.3,200,23,23.7067,336.3228,0.0455,21077,324.8315,0
EXP5B_V100,NOTVI,GaussMarkov,1,15,0,100,100,0.3,200,24,40.3734,300.8834,0.0775,25742,325.7493,0
EXP5B_V100,NOTVI,GaussMarkov,1,15,0,100,100,0.3,200,25,26.3045,337.4328,0.0505,25772,325.1439,0
EXP5B_V100,NOTVI,GaussMarkov,1,15,0,100,100,0.3,200,26,18.2411,441.4436,0.0350,16246,324.8855,0
EXP5B_V100,NOTVI,GaussMarkov,1,15,0,100,100,0.3,200,27,24.7188,276.4211,0.0475,17451,324.7278,0
EXP5B_V100,NOTVI,GaussMarkov,1,15,0,100,100,0.3,200,28,36.0211,305.7168,0.0692,17329,324.9596,0
EXP5B_V100,NOTVI,GaussMarkov,1,15,0,100,100,0.3,200,29,31.8826,197.8237,0.0612,20290,325.1794,0
EXP5B_V100,NOTVI,GaussMarkov,1,15,0,100,100,0.3,200,3,50.8097,539.3490,0.0976,29944,325.7028,0
EXP5B_V100,NOTVI,GaussMarkov,1,15,0,100,100,0.3,200,30,20.9064,109.2536,0.0402,19352,324.7890,0
EXP5B_V100,NOTVI,GaussMarkov,1,15,0,100,100,0.3,200,4,26.4395,226.5448,0.0508,18400,325.5272,0
EXP5B_V100,NOTVI,GaussMarkov,1,15,0,100,100,0.3,200,5,32.5574,220.9634,0.0625,19015,325.3619,0
EXP5B_V100,NOTVI,GaussMarkov,1,15,0,100,100,0.3,200,6,34.2330,343.8788,0.0658,24942,325.2769,0
EXP5B_V100,NOTVI,GaussMarkov,1,15,0,100,100,0.3,200,7,14.5412,147.7961,0.0279,17973,325.1365,0
EXP5B_V100,NOTVI,GaussMarkov,1,15,0,100,100,0.3,200,8,17.4764,398.4479,0.0336,17374,324.8106,0
EXP5B_V100,NOTVI,GaussMarkov,1,15,0,100,100,0.3,200,9,34.8965,450.5914,0.0670,24329,325.0187,0
EXP5B_V70,NOTVI,GaussMarkov,1,15,0,70,70,0.3,200,1,31.4327,260.1261,0.0604,21007,325.0274,0
EXP5B_V70,NOTVI,GaussMarkov,1,15,0,70,70,0.3,200,10,24.0778,216.0871,0.0462,14748,324.8209,0
EXP5B_V70,NOTVI,GaussMarkov,1,15,0,70,70,0.3,200,11,42.3864,564.9783,0.0814,22132,325.3146,0
EXP5B_V70,NOTVI,GaussMarkov,1,15,0,70,70,0.3,200,12,62.5506,673.5606,0.1201,28483,325.6589,0
EXP5B_V70,NOTVI,GaussMarkov,1,15,0,70,70,0.3,200,13,34.3342,583.0946,0.0659,23020,325.5755,0
EXP5B_V70,NOTVI,GaussMarkov,1,15,0,70,70,0.3,200,14,54.2623,496.0813,0.1042,23767,325.5004,0
EXP5B_V70,NOTVI,GaussMarkov,1,15,0,70,70,0.3,200,15,49.4939,209.2954,0.0951,23189,325.5355,0
EXP5B_V70,NOTVI,GaussMarkov,1,15,0,70,70,0.3,200,16,36.5385,354.1877,0.0702,25192,325.7167,0
EXP5B_V70,NOTVI,GaussMarkov,1,15,0,70,70,0.3,200,17,48.8192,284.3313,0.0938,26885,326.5172,0
EXP5B_V70,NOTVI,GaussMarkov,1,15,0,70,70,0.3,200,18,49.3702,471.5392,0.0948,25438,325.6605,0
EXP5B_V70,NOTVI,GaussMarkov,1,15,0,70,70,0.3,200,19,52.3054,672.4320,0.1005,21484,324.9525,0
EXP5B_V70,NOTVI,GaussMarkov,1,15,0,70,70,0.3,200,2,34.8628,432.9045,0.0670,20774,325.6423,0
EXP5B_V70,NOTVI,GaussMarkov,1,15,0,70,70,0.3,200,20,41.2168,223.6291,0.0792,22389,325.0741,0
EXP5B_V70,NOTVI,GaussMarkov,1,15,0,70,70,0.3,200,21,40.5196,369.9870,0.0778,24675,325.9161,0
EXP5B_V70,NOTVI,GaussMarkov,1,15,0,70,70,0.3,200,22,34.5592,376.1949,0.0664,19203,325.0862,0
EXP5B_V70,NOTVI,GaussMarkov,1,15,0,70,70,0.3,200,23,27.2830,455.4596,0.0524,20290,325.0657,0
EXP5B_V70,NOTVI,GaussMarkov,1,15,0,70,70,0.3,200,24,37.4044,645.0925,0.0718,27267,326.8999,0
EXP5B_V70,NOTVI,GaussMarkov,1,15,0,70,70,0.3,200,25,56.3315,611.8584,0.1082,30778,325.1799,0
EXP5B_V70,NOTVI,GaussMarkov,1,15,0,70,70,0.3,200,26,23.4705,366.7219,0.0451,14966,324.9062,0
EXP5B_V70,NOTVI,GaussMarkov,1,15,0,70,70,0.3,200,27,45.5578,464.0665,0.0875,30196,325.2839,0
EXP5B_V70,NOTVI,GaussMarkov,1,15,0,70,70,0.3,200,28,40.1372,318.5227,0.0771,20947,325.4356,0
EXP5B_V70,NOTVI,GaussMarkov,1,15,0,70,70,0.3,200,29,43.0949,402.0625,0.0828,28545,325.4745,0
EXP5B_V70,NOTVI,GaussMarkov,1,15,0,70,70,0.3,200,3,45.1754,563.6392,0.0868,25242,325.5368,0
EXP5B_V70,NOTVI,GaussMarkov,1,15,0,70,70,0.3,200,30,39.5861,532.6352,0.0760,24144,325.9205,0
EXP5B_V70,NOTVI,GaussMarkov,1,15,0,70,70,0.3,200,4,50.9784,770.8000,0.0979,29902,325.2475,0
EXP5B_V70,NOTVI,GaussMarkov,1,15,0,70,70,0.3,200,5,31.8713,411.0450,0.0612,18367,325.0585,0
EXP5B_V70,NOTVI,GaussMarkov,1,15,0,70,70,0.3,200,6,29.2173,397.0484,0.0561,22726,325.1205,0
EXP5B_V70,NOTVI,GaussMarkov,1,15,0,70,70,0.3,200,7,44.1183,617.7826,0.0847,21438,325.0001,0
EXP5B_V70,NOTVI,GaussMarkov,1,15,0,70,70,0.3,200,8,27.6428,244.2079,0.0531,19234,324.9708,0
EXP5B_V70,NOTVI,GaussMarkov,1,15,0,70,70,0.3,200,9,52.9915,523.1832,0.1018,31490,326.6835,0
EXP5B_V100,SAQMAODV,GaussMarkov,1,15,0,100,100,0.3,200,1,30.5106,252.3859,0.0586,21169,324.8811,0
EXP5B_V100,SAQMAODV,GaussMarkov,1,15,0,100,100,0.3,200,10,41.9703,582.6963,0.0806,26285,325.1598,0
EXP5B_V100,SAQMAODV,GaussMarkov,1,15,0,100,100,0.3,200,11,42.8587,508.1764,0.0823,22636,325.0367,0
EXP5B_V100,SAQMAODV,GaussMarkov,1,15,0,100,100,0.3,200,12,45.6253,577.1777,0.0876,28015,326.4637,0
EXP5B_V100,SAQMAODV,GaussMarkov,1,15,0,100,100,0.3,200,13,45.7602,593.6521,0.0879,28813,325.3388,0
EXP5B_V100,SAQMAODV,GaussMarkov,1,15,0,100,100,0.3,200,14,54.2848,558.4457,0.1043,26781,325.8046,0
EXP5B_V100,SAQMAODV,GaussMarkov,1,15,0,100,100,0.3,200,15,41.6779,328.1920,0.0800,28033,325.4786,0
EXP5B_V100,SAQMAODV,GaussMarkov,1,15,0,100,100,0.3,200,16,36.7971,624.0920,0.0707,25702,325.4313,0
EXP5B_V100,SAQMAODV,GaussMarkov,1,15,0,100,100,0.3,200,17,26.7544,147.0404,0.0514,17917,324.5126,0
EXP5B_V100,SAQMAODV,GaussMarkov,1,15,0,100,100,0.3,200,18,36.3248,377.2527,0.0698,21527,325.4180,0
EXP5B_V100,SAQMAODV,GaussMarkov,1,15,0,100,100,0.3,200,19,53.3176,653.5982,0.1024,32666,325.5837,0
EXP5B_V100,SAQMAODV,GaussMarkov,1,15,0,100,100,0.3,200,2,52.7665,505.4671,0.1013,34273,326.5837,0
EXP5B_V100,SAQMAODV,GaussMarkov,1,15,0,100,100,0.3,200,20,62.1795,592.6960,0.1194,37474,325.8417,0
EXP5B_V100,SAQMAODV,GaussMarkov,1,15,0,100,100,0.3,200,21,49.1903,517.0173,0.0945,31275,326.0397,0
EXP5B_V100,SAQMAODV,GaussMarkov,1,15,0,100,100,0.3,200,22,33.9069,181.5916,0.0651,20238,325.4282,0
EXP5B_V100,SAQMAODV,GaussMarkov,1,15,0,100,100,0.3,200,23,37.7305,804.0278,0.0725,27716,325.4466,0
EXP5B_V100,SAQMAODV,GaussMarkov,1,15,0,100,100,0.3,200,24,55.0157,812.9076,0.1057,29242,325.6777,0
EXP5B_V100,SAQMAODV,GaussMarkov,1,15,0,100,100,0.3,200,25,45.9402,514.1176,0.0882,43117,325.6731,0
EXP5B_V100,SAQMAODV,GaussMarkov,1,15,0,100,100,0.3,200,26,16.9703,324.2036,0.0326,16749,324.9715,0
EXP5B_V100,SAQMAODV,GaussMarkov,1,15,0,100,100,0.3,200,27,24.2690,205.4097,0.0466,17006,324.5795,0
EXP5B_V100,SAQMAODV,GaussMarkov,1,15,0,100,100,0.3,200,28,37.4494,334.4781,0.0719,20121,325.3356,0
EXP5B_V100,SAQMAODV,GaussMarkov,1,15,0,100,100,0.3,200,29,31.1066,283.2292,0.0597,21992,325.3679,0
EXP5B_V100,SAQMAODV,GaussMarkov,1,15,0,100,100,0.3,200,3,44.0283,672.3199,0.0846,26840,325.7778,0
EXP5B_V100,SAQMAODV,GaussMarkov,1,15,0,100,100,0.3,200,30,30.1282,323.0222,0.0579,21573,324.8088,0
EXP5B_V100,SAQMAODV,GaussMarkov,1,15,0,100,100,0.3,200,4,38.4728,468.2436,0.0739,20934,325.5765,0
EXP5B_V100,SAQMAODV,GaussMarkov,1,15,0,100,100,0.3,200,5,29.4647,277.8207,0.0566,21234,325.5923,0
EXP5B_V100,SAQMAODV,GaussMarkov,1,15,0,100,100,0.3,200,6,32.7373,281.8292,0.0629,22964,325.1494,0
EXP5B_V100,SAQMAODV,GaussMarkov,1,15,0,100,100,0.3,200,7,26.0346,309.4313,0.0500,25328,325.6325,0
EXP5B_V100,SAQMAODV,GaussMarkov,1,15,0,100,100,0.3,200,8,24.2353,430.5878,0.0465,21343,325.1922,0
EXP5B_V100,SAQMAODV,GaussMarkov,1,15,0,100,100,0.3,200,9,21.5587,197.9958,0.0414,17949,324.9099,0
EXP5B_V70,SAQMAODV,GaussMarkov,1,15,0,70,70,0.3,200,1,46.6262,564.9131,0.0896,26389,325.5611,0
EXP5B_V70,SAQMAODV,GaussMarkov,1,15,0,70,70,0.3,200,10,27.6091,398.0396,0.0530,16043,324.6274,0
EXP5B_V70,SAQMAODV,GaussMarkov,1,15,0,70,70,0.3,200,11,46.3563,687.4898,0.0890,24651,325.3048,0
EXP5B_V70,SAQMAODV,GaussMarkov,1,15,0,70,70,0.3,200,12,65.2609,689.2811,0.1253,30214,324.7345,0
EXP5B_V70,SAQMAODV,GaussMarkov,1,15,0,70,70,0.3,200,13,37.7193,436.3595,0.0724,25911,325.5854,0
EXP5B_V70,SAQMAODV,GaussMarkov,1,15,0,70,70,0.3,200,14,47.9982,635.6808,0.0922,21256,325.1075,0
EXP5B_V70,SAQMAODV,GaussMarkov,1,15,0,70,70,0.3,200,15,48.5268,218.4514,0.0932,21939,325.0253,0
EXP5B_V70,SAQMAODV,GaussMarkov,1,15,0,70,70,0.3,200,16,58.3221,810.3737,0.1120,34631,326.1291,0
EXP5B_V70,SAQMAODV,GaussMarkov,1,15,0,70,70,0.3,200,17,44.9168,352.8343,0.0863,23270,326.2283,0
EXP5B_V70,SAQMAODV,GaussMarkov,1,15,0,70,70,0.3,200,18,61.2573,667.0265,0.1177,29386,325.2949,0
EXP5B_V70,SAQMAODV,GaussMarkov,1,15,0,70,70,0.3,200,19,53.1152,776.8553,0.1020,23019,324.9171,0
EXP5B_V70,SAQMAODV,GaussMarkov,1,15,0,70,70,0.3,200,2,38.6640,552.5593,0.0743,22284,325.6901,0
EXP5B_V70,SAQMAODV,GaussMarkov,1,15,0,70,70,0.3,200,20,40.9807,200.0302,0.0787,23647,325.2187,0
EXP5B_V70,SAQMAODV,GaussMarkov,1,15,0,70,70,0.3,200,21,40.6320,427.2512,0.0780,24873,325.1302,0
EXP5B_V70,SAQMAODV,GaussMarkov,1,15,0,70,70,0.3,200,22,37.9442,398.2825,0.0729,20715,325.5896,0
EXP5B_V70,SAQMAODV,GaussMarkov,1,15,0,70,70,0.3,200,23,27.5304,320.3196,0.0529,25522,325.0192,0
EXP5B_V70,SAQMAODV,GaussMarkov,1,15,0,70,70,0.3,200,24,54.6559,1090.1404,0.1050,28473,325.3009,0
EXP5B_V70,SAQMAODV,GaussMarkov,1,15,0,70,70,0.3,200,25,46.7161,505.8262,0.0897,25973,325.5302,0
EXP5B_V70,SAQMAODV,GaussMarkov,1,15,0,70,70,0.3,200,26,31.5677,370.3912,0.0606,17214,324.9486,0
EXP5B_V70,SAQMAODV,GaussMarkov,1,15,0,70,70,0.3,200,27,33.8619,407.0197,0.0650,26320,326.5868,0
EXP5B_V70,SAQMAODV,GaussMarkov,1,15,0,70,70,0.3,200,28,54.1948,637.5648,0.1041,23871,325.6085,0
EXP5B_V70,SAQMAODV,GaussMarkov,1,15,0,70,70,0.3,200,29,55.0720,697.5269,0.1058,35078,325.9695,0
EXP5B_V70,SAQMAODV,GaussMarkov,1,15,0,70,70,0.3,200,3,38.8664,490.7336,0.0746,23621,325.8334,0
EXP5B_V70,SAQMAODV,GaussMarkov,1,15,0,70,70,0.3,200,30,29.0711,295.8360,0.0558,23535,327.8012,0
EXP5B_V70,SAQMAODV,GaussMarkov,1,15,0,70,70,0.3,200,4,45.2317,675.1552,0.0869,32724,325.4429,0
EXP5B_V70,SAQMAODV,GaussMarkov,1,15,0,70,70,0.3,200,5,31.8938,486.0770,0.0613,17604,325.0471,0
EXP5B_V70,SAQMAODV,GaussMarkov,1,15,0,70,70,0.3,200,6,36.6509,425.2231,0.0704,24121,325.1315,0
EXP5B_V70,SAQMAODV,GaussMarkov,1,15,0,70,70,0.3,200,7,60.2339,784.3986,0.1157,32574,325.7596,0
EXP5B_V70,SAQMAODV,GaussMarkov,1,15,0,70,70,0.3,200,8,28.8237,269.7318,0.0554,19070,325.0005,0
EXP5B_V70,SAQMAODV,GaussMarkov,1,15,0,70,70,0.3,200,9,61.0211,684.7875,0.1172,33478,325.8759,0
