EXP9_N5,AODV,GAUSS,1,5,0,20,20,0.3,200,1,29.0987,480.8789,0.0162,1666,107.8899,0
EXP9_N5,AODV,GAUSS,1,5,0,20,20,0.3,200,10,43.5509,589.4057,0.0242,1725,108.0209,0
EXP9_N5,AODV,GAUSS,1,5,0,20,20,0.3,200,11,30.8081,672.1870,0.0171,1991,107.8912,0
EXP9_N5,AODV,GAUSS,1,5,0,20,20,0.3,200,12,23.2712,1320.5283,0.0129,1479,107.8745,0
EXP9_N5,AODV,GAUSS,1,5,0,20,20,0.3,200,13,42.7739,538.8212,0.0238,1715,108.0058,0
EXP9_N5,AODV,GAUSS,1,5,0,20,20,0.3,200,14,32.7894,930.1590,0.0182,1757,107.9525,0
EXP9_N5,AODV,GAUSS,1,5,0,20,20,0.3,200,15,50.5051,246.8924,0.0281,1713,107.9545,0
EXP9_N5,AODV,GAUSS,1,5,0,20,20,0.3,200,16,46.2704,753.8993,0.0257,2059,107.9683,0
EXP9_N5,AODV,GAUSS,1,5,0,20,20,0.3,200,17,38.0730,1172.9847,0.0212,1911,108.0291,0
EXP9_N5,AODV,GAUSS,1,5,0,20,20,0.3,200,18,26.3792,1292.6136,0.0147,1661,107.8957,0
EXP9_N5,AODV,GAUSS,1,5,0,20,20,0.3,200,19,34.3434,357.3596,0.0191,1630,108.0160,0
EXP9_N5,AODV,GAUSS,1,5,0,20,20,0.3,200,2,35.3535,821.7254,0.0197,1712,107.9654,0
EXP9_N5,AODV,GAUSS,1,5,0,20,20,0.3,200,20,37.3349,11.6376,0.0208,1293,107.9818,0
EXP9_N5,AODV,GAUSS,1,5,0,20,20,0.3,200,21,19.1142,489.2680,0.0106,2057,107.9043,0
EXP9_N5,AODV,GAUSS,1,5,0,20,20,0.3,200,22,43.1235,392.1120,0.0240,1714,107.9416,0
EXP9_N5,AODV,GAUSS,1,5,0,20,20,0.3,200,23,28.5548,680.5967,0.0159,1613,107.9489,0
EXP9_N5,AODV,GAUSS,1,5,0,20,20,0.3,200,24,40.4817,868.8738,0.0225,1870,107.9263,0
EXP9_N5,AODV,GAUSS,1,5,0,20,20,0.3,200,25,31.3131,317.8561,0.0174,1910,108.0130,0
EXP9_N5,AODV,GAUSS,1,5,0,20,20,0.3,200,26,29.3706,399.4463,0.0163,1505,107.9028,0
EXP9_N5,AODV,GAUSS,1,5,0,20,20,0.3,200,27,53.3023,819.7605,0.0296,2094,107.9940,0
EXP9_N5,AODV,GAUSS,1,5,0,20,20,0.3,200,28,47.9798,326.2442,0.0267,1916,107.8872,0
EXP9_N5,AODV,GAUSS,1,5,0,20,20,0.3,200,29,41.8803,628.7937,0.0233,1910,107.8954,0
EXP9_N5,AODV,GAUSS,1,5,0,20,20,0.3,200,3,52.3699,124.3040,0.0291,2118,107.9975,0
EXP9_N5,AODV,GAUSS,1,5,0,20,20,0.3,200,30,63.0925,117.8890,0.0351,1974,108.0477,0
EXP9_N5,AODV,GAUSS,1,5,0,20,20,0.3,200,4,41.2976,1186.0180,0.0230,2012,107.9522,0
EXP9_N5,AODV,GAUSS,1,5,0,20,20,0.3,200,5,41.2976,662.8316,0.0230,1705,108.0697,0
EXP9_N5,AODV,GAUSS,1,5,0,20,20,0.3,200,6,29.3318,369.0112,0.0163,1801,107.8774,0
EXP9_N5,AODV,GAUSS,1,5,0,20,20,0.3,200,7,35.1204,320.7199,0.0195,1893,107.9548,0
EXP9_N5,AODV,GAUSS,1,5,0,20,20,0.3,200,8,27.0396,1534.6140,0.0150,1739,107.9389,0
EXP9_N5,AODV,GAUSS,1,5,0,20,20,0.3,200,9,45.5322,209.8019,0.0253,1891,107.9208,0
EXP9_N8,AODV,GAUSS,1,8,0,20,20,0.3,200,1,49.6768,495.5982,0.0481,3884,172.8802,0
EXP9_N8,AODV,GAUSS,1,8,0,20,20,0.3,200,10,51.6158,530.7033,0.0500,4629,172.9099,0
EXP9_N8,AODV,GAUSS,1,8,0,20,20,0.3,200,11,60.2630,593.9823,0.0584,4405,172.8470,0
EXP9_N8,AODV,GAUSS,1,8,0,20,20,0.3,200,12,43.5480,695.2046,0.0422,3581,172.7466,0
EXP9_N8,AODV,GAUSS,1,8,0,20,20,0.3,200,13,36.4609,717.2015,0.0353,3367,172.6928,0
EXP9_N8,AODV,GAUSS,1,8,0,20,20,0.3,200,14,54.4908,380.2804,0.0528,5155,172.9788,0
EXP9_N8,AODV,GAUSS,1,8,0,20,20,0.3,200,15,24.9164,893.8139,0.0241,4238,172.7693,0
EXP9_N8,AODV,GAUSS,1,8,0,20,20,0.3,200,16,48.8968,188.0891,0.0474,4418,173.0619,0
EXP9_N8,AODV,GAUSS,1,8,0,20,20,0.3,200,17,58.3463,224.0648,0.0565,4051,172.9259,0
EXP9_N8,AODV,GAUSS,1,8,0,20,20,0.3,200,18,42.8571,138.1391,0.0415,3966,172.7974,0
EXP9_N8,AODV,GAUSS,1,8,0,20,20,0.3,200,19,48.3619,354.9363,0.0469,4649,172.9557,0
EXP9_N8,AODV,GAUSS,1,8,0,20,20,0.3,200,2,47.6265,296.2263,0.0462,4401,172.7563,0
EXP9_N8,AODV,GAUSS,1,8,0,20,20,0.3,200,20,42.1885,575.7588,0.0409,4024,172.7210,0
EXP9_N8,AODV,GAUSS,1,8,0,20,20,0.3,200,21,60.6419,640.6238,0.0588,5489,172.8692,0
EXP9_N8,AODV,GAUSS,1,8,0,20,20,0.3,200,22,52.5741,478.3714,0.0510,4567,172.7614,0
EXP9_N8,AODV,GAUSS,1,8,0,20,20,0.3,200,23,36.8175,536.2817,0.0357,4491,172.6720,0
EXP9_N8,AODV,GAUSS,1,8,0,20,20,0.3,200,24,33.0065,491.1645,0.0320,3877,172.6803,0
EXP9_N8,AODV,GAUSS,1,8,0,20,20,0.3,200,25,33.5413,417.1727,0.0325,4638,172.8034,0
EXP9_N8,AODV,GAUSS,1,8,0,20,20,0.3,200,26,44.1498,818.3767,0.0428,4263,172.6769,0
EXP9_N8,AODV,GAUSS,1,8,0,20,20,0.3,200,27,42.7457,184.2220,0.0414,4422,172.8147,0
EXP9_N8,AODV,GAUSS,1,8,0,20,20,0.3,200,28,37.3969,641.7027,0.0362,4714,173.0524,0
EXP9_N8,AODV,GAUSS,1,8,0,20,20,0.3,200,29,45.9550,653.3148,0.0445,4408,172.7137,0
EXP9_N8,AODV,GAUSS,1,8,0,20,20,0.3,200,3,42.0103,388.5180,0.0407,3656,172.8670,0
EXP9_N8,AODV,GAUSS,1,8,0,20,20,0.3,200,30,70.2697,353.7983,0.0681,4642,172.7321,0
EXP9_N8,AODV,GAUSS,1,8,0,20,20,0.3,200,4,50.8803,686.8775,0.0493,5051,172.7171,0
EXP9_N8,AODV,GAUSS,1,8,0,20,20,0.3,200,5,58.7252,314.1070,0.0569,4110,173.0134,0
EXP9_N8,AODV,GAUSS,1,8,0,20,20,0.3,200,6,56.8754,603.4967,0.0551,4760,172.7290,0
EXP9_N8,AODV,GAUSS,1,8,0,20,20,0.3,200,7,47.3145,415.5343,0.0459,4208,172.7913,0
EXP9_N8,AODV,GAUSS,1,8,0,20,20,0.3,200,8,65.2552,259.1790,0.0632,4238,173.0108,0
EXP9_N8,AODV,GAUSS,1,8,0,20,20,0.3,200,9,58.0566,298.1100,0.0563,5038,173.3330,0
EXP9_N5,HSAQMAODV,GAUSS,1,5,0,20,20,0.3,200,1,28.2051,503.0162,0.0157,1242,107.8897,0
EXP9_N5,HSAQMAODV,GAUSS,1,5,0,20,20,0.3,200,10,41.8026,479.3488,0.0232,1330,107.9746,0
EXP9_N5,HSAQMAODV,GAUSS,1,5,0,20,20,0.3,200,11,28.6713,491.8055,0.0159,1542,107.9021,0
EXP9_N5,HSAQMAODV,GAUSS,1,5,0,20,20,0.3,200,12,22.6107,1337.4697,0.0126,1130,107.8786,0
EXP9_N5,HSAQMAODV,GAUSS,1,5,0,20,20,0.3,200,13,41.4918,584.7532,0.0231,1309,108.0426,0
EXP9_N5,HSAQMAODV,GAUSS,1,5,0,20,20,0.3,200,14,29.4483,637.3009,0.0164,1355,107.9000,0
EXP9_N5,HSAQMAODV,GAUSS,1,5,0,20,20,0.3,200,15,49.8446,261.6790,0.0277,1294,107.9651,0
EXP9_N5,HSAQMAODV,GAUSS,1,5,0,20,20,0.3,200,16,45.2214,775.5689,0.0251,1632,107.9524,0
EXP9_N5,HSAQMAODV,GAUSS,1,5,0,20,20,0.3,200,17,35.7420,1097.6780,0.0199,1444,108.0019,0
EXP9_N5,HSAQMAODV,GAUSS,1,5,0,20,20,0.3,200,18,23.2712,936.2786,0.0129,1240,107.9074,0
EXP9_N5,HSAQMAODV,GAUSS,1,5,0,20,20,0.3,200,19,33.3333,368.1691,0.0185,1218,108.0036,0
EXP9_N5,HSAQMAODV,GAUSS,1,5,0,20,20,0.3,200,2,34.1880,860.7867,0.0190,1325,107.9576,0
EXP9_N5,HSAQMAODV,GAUSS,1,5,0,20,20,0.3,200,20,36.3636,9.4385,0.0202,866,107.9476,0
EXP9_N5,HSAQMAODV,GAUSS,1,5,0,20,20,0.3,200,21,18.6480,496.9617,0.0104,1645,107.9050,0
EXP9_N5,HSAQMAODV,GAUSS,1,5,0,20,20,0.3,200,22,41.6861,381.4604,0.0232,1291,107.9604,0
EXP9_N5,HSAQMAODV,GAUSS,1,5,0,20,20,0.3,200,23,28.4771,816.1516,0.0158,1191,107.9360,0
EXP9_N5,HSAQMAODV,GAUSS,1,5,0,20,20,0.3,200,24,39.2385,934.4034,0.0218,1457,107.9307,0
EXP9_N5,HSAQMAODV,GAUSS,1,5,0,20,20,0.3,200,25,31.3131,317.8455,0.0174,1529,108.0144,0
EXP9_N5,HSAQMAODV,GAUSS,1,5,0,20,20,0.3,200,26,28.6325,376.7605,0.0159,1123,107.8915,0
EXP9_N5,HSAQMAODV,GAUSS,1,5,0,20,20,0.3,200,27,49.9611,891.8220,0.0278,1638,107.9582,0
EXP9_N5,HSAQMAODV,GAUSS,1,5,0,20,20,0.3,200,28,45.6876,312.7561,0.0254,1420,107.8526,0
EXP9_N5,HSAQMAODV,GAUSS,1,5,0,20,20,0.3,200,29,40.5594,644.2674,0.0226,1505,107.8749,0
EXP9_N5,HSAQMAODV,GAUSS,1,5,0,20,20,0.3,200,3,53.2246,170.0589,0.0296,1866,108.0166,0
EXP9_N5,HSAQMAODV,GAUSS,1,5,0,20,20,0.3,200,30,60.8392,123.4438,0.0338,1574,108.0049,0
EXP9_N5,HSAQMAODV,GAUSS,1,5,0,20,20,0.3,200,4,39.3551,1228.9743,0.0219,1575,107.9111,0
EXP9_N5,HSAQMAODV,GAUSS,1,5,0,20,20,0.3,200,5,38.3061,348.4194,0.0213,1227,108.0422,0
EXP9_N5,HSAQMAODV,GAUSS,1,5,0,20,20,0.3,200,6,27.9720,380.4303,0.0156,1363,107.8929,0
EXP9_N5,HSAQMAODV,GAUSS,1,5,0,20,20,0.3,200,7,33.4887,342.4567,0.0186,1459,107.9646,0
EXP9_N5,HSAQMAODV,GAUSS,1,5,0,20,20,0.3,200,8,24.9029,1397.0096,0.0138,1329,107.9252,0
EXP9_N5,HSAQMAODV,GAUSS,1,5,0,20,20,0.3,200,9,44.7552,211.5463,0.0249,1509,107.8926,0
EXP9_N8,HSAQMAODV,GAUSS,1,8,0,20,20,0.3,200,1,44.7738,404.1801,0.0434,3104,172.8756,0
EXP9_N8,HSAQMAODV,GAUSS,1,8,0,20,20,0.3,200,10,50.3009,591.9910,0.0488,3966,172.9209,0
EXP9_N8,HSAQMAODV,GAUSS,1,8,0,20,20,0.3,200,11,56.9646,631.6626,0.0552,3720,172.7767,0
EXP9_N8,HSAQMAODV,GAUSS,1,8,0,20,20,0.3,200,12,41.3417,696.9587,0.0401,2856,172.7073,0
EXP9_N8,HSAQMAODV,GAUSS,1,8,0,20,20,0.3,200,13,39.1799,730.9393,0.0380,2812,172.7059,0
EXP9_N8,HSAQMAODV,GAUSS,1,8,0,20,20,0.3,200,14,52.3735,395.3011,0.0508,4698,172.9663,0
EXP9_N8,HSAQMAODV,GAUSS,1,8,0,20,20,0.3,200,15,24.6713,907.0368,0.0239,3809,172.7744,0
EXP9_N8,HSAQMAODV,GAUSS,1,8,0,20,20,0.3,200,16,46.3784,230.8745,0.0449,3873,173.0507,0
EXP9_N8,HSAQMAODV,GAUSS,1,8,0,20,20,0.3,200,17,59.1041,544.7643,0.0573,3686,172.8392,0
EXP9_N8,HSAQMAODV,GAUSS,1,8,0,20,20,0.3,200,18,42.0325,169.6940,0.0407,3518,172.7487,0
EXP9_N8,HSAQMAODV,GAUSS,1,8,0,20,20,0.3,200,19,45.4201,341.4177,0.0440,4255,172.8816,0
EXP9_N8,HSAQMAODV,GAUSS,1,8,0,20,20,0.3,200,2,45.8658,317.3546,0.0445,3889,172.7299,0
EXP9_N8,HSAQMAODV,GAUSS,1,8,0,20,20,0.3,200,20,40.2719,686.4974,0.0390,3309,172.7164,0
EXP9_N8,HSAQMAODV,GAUSS,1,8,0,20,20,0.3,200,21,56.9646,606.3497,0.0552,4941,172.8774,0
EXP9_N8,HSAQMAODV,GAUSS,1,8,0,20,20,0.3,200,22,48.7631,568.5238,0.0473,4115,172.8063,0
EXP9_N8,HSAQMAODV,GAUSS,1,8,0,20,20,0.3,200,23,32.7390,434.9523,0.0317,3731,172.6782,0
EXP9_N8,HSAQMAODV,GAUSS,1,8,0,20,20,0.3,200,24,33.6082,608.9030,0.0326,3329,172.7007,0
EXP9_N8,HSAQMAODV,GAUSS,1,8,0,20,20,0.3,200,25,38.1101,600.5024,0.0369,4168,172.8397,0
EXP9_N8,HSAQMAODV,GAUSS,1,8,0,20,20,0.3,200,26,43.3920,834.5626,0.0421,3671,172.6401,0
EXP9_N8,HSAQMAODV,GAUSS,1,8,0,20,20,0.3,200,27,40.6953,191.9169,0.0394,3729,172.7748,0
EXP9_N8,HSAQMAODV,GAUSS,1,8,0,20,20,0.3,200,28,35.0568,722.0825,0.0340,4113,172.9887,0
EXP9_N8,HSAQMAODV,GAUSS,1,8,0,20,20,0.3,200,29,44.9298,679.8273,0.0435,4070,172.6744,0
EXP9_N8,HSAQMAODV,GAUSS,1,8,0,20,20,0.3,200,3,39.4696,390.2252,0.0383,2976,172.8463,0
EXP9_N8,HSAQMAODV,GAUSS,1,8,0,20,20,0.3,200,30,66.8152,318.1098,0.0648,4004,172.7257,0
EXP9_N8,HSAQMAODV,GAUSS,1,8,0,20,20,0.3,200,4,49.8106,647.7056,0.0483,4344,172.6793,0
EXP9_N8,HSAQMAODV,GAUSS,1,8,0,20,20,0.3,200,5,57.4326,305.3696,0.0557,3702,173.0366,0
EXP9_N8,HSAQMAODV,GAUSS,1,8,0,20,20,0.3,200,6,52.7970,597.6082,0.0512,4125,172.7955,0
EXP9_N8,HSAQMAODV,GAUSS,1,8,0,20,20,0.3,200,7,44.5955,349.2354,0.0432,3853,172.7735,0
EXP9_N8,HSAQMAODV,GAUSS,1,8,0,20,20,0.3,200,8,61.8453,231.3890,0.0599,3556,173.0083,0
EXP9_N8,HSAQMAODV,GAUSS,1,8,0,20,20,0.3,200,9,56.1177,355.1989,0.0544,4720,173.3770,0
EXP9_N5,PMAODV,GAUSS,1,5,0,20,20,0.3,200,1,29.3706,482.9623,0.0163,1663,107.9036,0
EXP9_N5,PMAODV,GAUSS,1,5,0,20,20,0.3,200,10,43.5120,589.8553,0.0242,1723,107.9909,0
EXP9_N5,PMAODV,GAUSS,1,5,0,20,20,0.3,200,11,30.8081,671.7839,0.0171,1993,107.9127,0
EXP9_N5,PMAODV,GAUSS,1,5,0,20,20,0.3,200,12,23.2712,1320.4524,0.0129,1479,107.8902,0
EXP9_N5,PMAODV,GAUSS,1,5,0,20,20,0.3,200,13,42.8904,563.8378,0.0238,1728,108.0571,0
EXP9_N5,PMAODV,GAUSS,1,5,0,20,20,0.3,200,14,32.7894,930.3623,0.0182,1760,107.9261,0
EXP9_N5,PMAODV,GAUSS,1,5,0,20,20,0.3,200,15,50.5051,246.8362,0.0281,1714,107.9768,0
EXP9_N5,PMAODV,GAUSS,1,5,0,20,20,0.3,200,16,46.2315,757.2069,0.0257,2061,107.9569,0
EXP9_N5,PMAODV,GAUSS,1,5,0,20,20,0.3,200,17,39.4328,1320.4731,0.0219,1941,108.0156,0
EXP9_N5,PMAODV,GAUSS,1,5,0,20,20,0.3,200,18,25.0583,1092.3288,0.0139,1623,107.9132,0
EXP9_N5,PMAODV,GAUSS,1,5,0,20,20,0.3,200,19,34.3434,357.5040,0.0191,1631,108.0147,0
EXP9_N5,PMAODV,GAUSS,1,5,0,20,20,0.3,200,2,35.3924,821.3973,0.0197,1706,107.9624,0
EXP9_N5,PMAODV,GAUSS,1,5,0,20,20,0.3,200,20,37.3737,9.3832,0.0208,1293,107.9631,0
EXP9_N5,PMAODV,GAUSS,1,5,0,20,20,0.3,200,21,19.4639,531.0071,0.0108,2015,107.9163,0
EXP9_N5,PMAODV,GAUSS,1,5,0,20,20,0.3,200,22,43.1235,392.1962,0.0240,1716,107.9748,0
EXP9_N5,PMAODV,GAUSS,1,5,0,20,20,0.3,200,23,29.4095,807.9195,0.0164,1628,107.9473,0
EXP9_N5,PMAODV,GAUSS,1,5,0,20,20,0.3,200,24,40.4817,883.7865,0.0225,1881,107.9415,0
EXP9_N5,PMAODV,GAUSS,1,5,0,20,20,0.3,200,25,31.8182,345.7432,0.0177,1946,108.0237,0
EXP9_N5,PMAODV,GAUSS,1,5,0,20,20,0.3,200,26,29.3706,406.8409,0.0163,1506,107.9028,0
EXP9_N5,PMAODV,GAUSS,1,5,0,20,20,0.3,200,27,50.3885,720.4063,0.0280,2124,107.9728,0
EXP9_N5,PMAODV,GAUSS,1,5,0,20,20,0.3,200,28,47.0862,297.6189,0.0262,1852,107.8631,0
EXP9_N5,PMAODV,GAUSS,1,5,0,20,20,0.3,200,29,41.8415,616.3877,0.0233,1901,107.8868,0
EXP9_N5,PMAODV,GAUSS,1,5,0,20,20,0.3,200,3,52.2533,122.8730,0.0291,2124,108.0179,0
EXP9_N5,PMAODV,GAUSS,1,5,0,20,20,0.3,200,30,63.2867,119.3206,0.0352,1981,108.0102,0
EXP9_N5,PMAODV,GAUSS,1,5,0,20,20,0.3,200,4,41.2976,1185.9409,0.0230,2012,107.9236,0
EXP9_N5,PMAODV,GAUSS,1,5,0,20,20,0.3,200,5,41.2976,662.7391,0.0230,1705,108.0561,0
EXP9_N5,PMAODV,GAUSS,1,5,0,20,20,0.3,200,6,29.3318,369.0034,0.0163,1804,107.9037,0
EXP9_N5,PMAODV,GAUSS,1,5,0,20,20,0.3,200,7,35.1204,320.9565,0.0195,1896,107.9600,0
EXP9_N5,PMAODV,GAUSS,1,5,0,20,20,0.3,200,8,27.0396,1534.6105,0.0150,1741,107.9400,0
EXP9_N5,PMAODV,GAUSS,1,5,0,20,20,0.3,200,9,46.1538,204.2467,0.0257,1911,107.9051,0
EXP9_N8,PMAODV,GAUSS,1,8,0,20,20,0.3,200,1,50.4792,600.7582,0.0489,3976,172.8815,0
EXP9_N8,PMAODV,GAUSS,1,8,0,20,20,0.3,200,10,51.7495,609.2630,0.0502,4578,172.9299,0
EXP9_N8,PMAODV,GAUSS,1,8,0,20,20,0.3,200,11,58.2795,596.9456,0.0565,4323,172.8222,0
EXP9_N8,PMAODV,GAUSS,1,8,0,20,20,0.3,200,12,43.7486,703.5076,0.0424,3592,172.7756,0
EXP9_N8,PMAODV,GAUSS,1,8,0,20,20,0.3,200,13,40.2719,725.0420,0.0390,3430,172.7263,0
EXP9_N8,PMAODV,GAUSS,1,8,0,20,20,0.3,200,14,53.9559,391.2067,0.0523,5049,172.9831,0
EXP9_N8,PMAODV,GAUSS,1,8,0,20,20,0.3,200,15,25.2507,884.3769,0.0245,4326,172.7905,0
EXP9_N8,PMAODV,GAUSS,1,8,0,20,20,0.3,200,16,48.7631,191.2375,0.0473,4417,173.0826,0
EXP9_N8,PMAODV,GAUSS,1,8,0,20,20,0.3,200,17,60.9984,412.8790,0.0591,4263,172.9347,0
EXP9_N8,PMAODV,GAUSS,1,8,0,20,20,0.3,200,18,43.4143,193.5087,0.0421,4089,172.7737,0
EXP9_N8,PMAODV,GAUSS,1,8,0,20,20,0.3,200,19,48.1836,307.1762,0.0467,4840,172.9183,0
EXP9_N8,PMAODV,GAUSS,1,8,0,20,20,0.3,200,2,48.3174,310.1516,0.0468,4546,172.7565,0
EXP9_N8,PMAODV,GAUSS,1,8,0,20,20,0.3,200,20,42.1885,576.1651,0.0409,4030,172.7230,0
EXP9_N8,PMAODV,GAUSS,1,8,0,20,20,0.3,200,21,59.4830,625.4409,0.0577,5450,172.9001,0
EXP9_N8,PMAODV,GAUSS,1,8,0,20,20,0.3,200,22,49.6768,481.5118,0.0481,4870,172.8244,0
EXP9_N8,PMAODV,GAUSS,1,8,0,20,20,0.3,200,23,35.8591,509.5867,0.0348,4397,172.6980,0
EXP9_N8,PMAODV,GAUSS,1,8,0,20,20,0.3,200,24,33.8979,599.5761,0.0329,4021,172.7205,0
EXP9_N8,PMAODV,GAUSS,1,8,0,20,20,0.3,200,25,39.0684,701.0373,0.0379,4592,172.8453,0
EXP9_N8,PMAODV,GAUSS,1,8,0,20,20,0.3,200,26,44.5286,854.1785,0.0432,4229,172.6587,0
EXP9_N8,PMAODV,GAUSS,1,8,0,20,20,0.3,200,27,41.2971,131.9462,0.0400,4196,172.7974,0
EXP9_N8,PMAODV,GAUSS,1,8,0,20,20,0.3,200,28,36.7952,671.1089,0.0357,10846,173.3834,0
EXP9_N8,PMAODV,GAUSS,1,8,0,20,20,0.3,200,29,46.3116,741.0639,0.0449,4550,172.6940,0
EXP9_N8,PMAODV,GAUSS,1,8,0,20,20,0.3,200,3,41.8765,381.9814,0.0406,3688,172.8662,0
EXP9_N8,PMAODV,GAUSS,1,8,0,20,20,0.3,200,30,70.3811,352.7595,0.0682,4622,172.7475,0
EXP9_N8,PMAODV,GAUSS,1,8,0,20,20,0.3,200,4,50.7912,682.9104,0.0492,5018,172.6979,0
EXP9_N8,PMAODV,GAUSS,1,8,0,20,20,0.3,200,5,57.9675,318.1199,0.0562,4062,173.0354,0
EXP9_N8,PMAODV,GAUSS,1,8,0,20,20,0.3,200,6,57.0760,607.7961,0.0553,4814,172.7980,0
EXP9_N8,PMAODV,GAUSS,1,8,0,20,20,0.3,200,7,48.1391,449.0133,0.0467,4396,172.7846,0
EXP9_N8,PMAODV,GAUSS,1,8,0,20,20,0.3,200,8,64.8317,251.2777,0.0628,4213,173.0241,0
EXP9_N8,PMAODV,GAUSS,1,8,0,20,20,0.3,200,9,57.0760,259.9492,0.0553,5077,173.3668,0
EXP9_N5,QMAODV,GAUSS,1,5,0,20,20,0.3,200,1,28.3217,500.5611,0.0157,1656,107.9002,0
EXP9_N5,QMAODV,GAUSS,1,5,0,20,20,0.3,200,10,42.8516,599.1088,0.0238,1720,107.9909,0
EXP9_N5,QMAODV,GAUSS,1,5,0,20,20,0.3,200,11,30.4196,686.1829,0.0169,2015,107.9127,0
EXP9_N5,QMAODV,GAUSS,1,5,0,20,20,0.3,200,12,23.2712,1320.4524,0.0129,1479,107.8902,0
EXP9_N5,QMAODV,GAUSS,1,5,0,20,20,0.3,200,13,41.4141,558.7285,0.0230,1696,108.0571,0
EXP9_N5,QMAODV,GAUSS,1,5,0,20,20,0.3,200,14,31.8182,958.6527,0.0177,1748,107.9261,0
EXP9_N5,QMAODV,GAUSS,1,5,0,20,20,0.3,200,15,50.0777,248.9101,0.0278,1702,107.9768,0
EXP9_N5,QMAODV,GAUSS,1,5,0,20,20,0.3,200,16,45.4934,764.9624,0.0253,2072,107.9707,0
EXP9_N5,QMAODV,GAUSS,1,5,0,20,20,0.3,200,17,38.6558,1346.2794,0.0215,1927,108.0177,0
EXP9_N5,QMAODV,GAUSS,1,5,0,20,20,0.3,200,18,24.6309,1111.2188,0.0137,1618,107.9174,0
EXP9_N5,QMAODV,GAUSS,1,5,0,20,20,0.3,200,19,33.4887,366.4829,0.0186,1620,108.0128,0
EXP9_N5,QMAODV,GAUSS,1,5,0,20,20,0.3,200,2,34.4211,843.8895,0.0191,1698,107.9649,0
EXP9_N5,QMAODV,GAUSS,1,5,0,20,20,0.3,200,20,36.6744,9.4489,0.0204,1279,107.9639,0
EXP9_N5,QMAODV,GAUSS,1,5,0,20,20,0.3,200,21,18.9200,540.6730,0.0105,2077,107.9163,0
EXP9_N5,QMAODV,GAUSS,1,5,0,20,20,0.3,200,22,42.2688,400.2011,0.0235,1706,107.9748,0
EXP9_N5,QMAODV,GAUSS,1,5,0,20,20,0.3,200,23,29.0598,818.5385,0.0162,1641,107.9473,0
EXP9_N5,QMAODV,GAUSS,1,5,0,20,20,0.3,200,24,39.6270,902.8523,0.0220,1880,107.9415,0
EXP9_N5,QMAODV,GAUSS,1,5,0,20,20,0.3,200,25,31.0412,320.7509,0.0173,1924,108.0258,0
EXP9_N5,QMAODV,GAUSS,1,5,0,20,20,0.3,200,26,29.0987,410.6070,0.0162,1517,107.9028,0
EXP9_N5,QMAODV,GAUSS,1,5,0,20,20,0.3,200,27,51.7483,845.3649,0.0288,2159,107.9728,0
EXP9_N5,QMAODV,GAUSS,1,5,0,20,20,0.3,200,28,46.0761,303.9937,0.0256,1839,107.8631,0
EXP9_N5,QMAODV,GAUSS,1,5,0,20,20,0.3,200,29,40.7537,632.7922,0.0227,1897,107.8868,0
EXP9_N5,QMAODV,GAUSS,1,5,0,20,20,0.3,200,3,53.3023,170.7503,0.0296,2272,108.0234,0
EXP9_N5,QMAODV,GAUSS,1,5,0,20,20,0.3,200,30,60.9557,121.9025,0.0339,1997,108.0201,0
EXP9_N5,QMAODV,GAUSS,1,5,0,20,20,0.3,200,4,40.5206,1205.3743,0.0225,2002,107.9236,0
EXP9_N5,QMAODV,GAUSS,1,5,0,20,20,0.3,200,5,41.0256,667.1523,0.0228,1697,108.0639,0
EXP9_N5,QMAODV,GAUSS,1,5,0,20,20,0.3,200,6,28.0109,379.7530,0.0156,1769,107.9037,0
EXP9_N5,QMAODV,GAUSS,1,5,0,20,20,0.3,200,7,33.9549,331.5365,0.0189,1881,107.9720,0
EXP9_N5,QMAODV,GAUSS,1,5,0,20,20,0.3,200,8,26.3403,1575.0319,0.0146,1747,107.9400,0
EXP9_N5,QMAODV,GAUSS,1,5,0,20,20,0.3,200,9,45.0660,210.1411,0.0251,1910,107.9051,0
EXP9_N8,QMAODV,GAUSS,1,8,0,20,20,0.3,200,1,46.2224,445.5942,0.0448,3782,172.8914,0
EXP9_N8,QMAODV,GAUSS,1,8,0,20,20,0.3,200,10,50.0111,624.5569,0.0485,4774,172.9381,0
EXP9_N8,QMAODV,GAUSS,1,8,0,20,20,0.3,200,11,59.1264,674.3243,0.0573,4387,172.7790,0
EXP9_N8,QMAODV,GAUSS,1,8,0,20,20,0.3,200,12,42.8571,718.8758,0.0415,3567,172.7670,0
EXP9_N8,QMAODV,GAUSS,1,8,0,20,20,0.3,200,13,39.1353,723.8575,0.0379,3366,172.7263,0
EXP9_N8,QMAODV,GAUSS,1,8,0,20,20,0.3,200,14,52.3958,428.4297,0.0508,5244,172.9955,0
EXP9_N8,QMAODV,GAUSS,1,8,0,20,20,0.3,200,15,24.4261,941.4340,0.0237,4442,172.7905,0
EXP9_N8,QMAODV,GAUSS,1,8,0,20,20,0.3,200,16,47.7156,195.3837,0.0462,4450,173.0994,0
EXP9_N8,QMAODV,GAUSS,1,8,0,20,20,0.3,200,17,58.5023,503.8951,0.0567,4395,172.8965,0
EXP9_N8,QMAODV,GAUSS,1,8,0,20,20,0.3,200,18,42.7680,262.1743,0.0415,4019,172.7701,0
EXP9_N8,QMAODV,GAUSS,1,8,0,20,20,0.3,200,19,45.6875,366.1279,0.0443,4705,172.9101,0
EXP9_N8,QMAODV,GAUSS,1,8,0,20,20,0.3,200,2,46.6013,322.0198,0.0452,4523,172.7565,0
EXP9_N8,QMAODV,GAUSS,1,8,0,20,20,0.3,200,20,40.4948,653.8901,0.0392,3940,172.7387,0
EXP9_N8,QMAODV,GAUSS,1,8,0,20,20,0.3,200,21,58.5246,615.7238,0.0567,5527,172.9310,0
EXP9_N8,QMAODV,GAUSS,1,8,0,20,20,0.3,200,22,49.1420,472.8923,0.0476,4853,172.8296,0
EXP9_N8,QMAODV,GAUSS,1,8,0,20,20,0.3,200,23,33.7196,546.3597,0.0327,4256,172.6980,0
EXP9_N8,QMAODV,GAUSS,1,8,0,20,20,0.3,200,24,33.6751,599.6303,0.0326,4002,172.7205,0
EXP9_N8,QMAODV,GAUSS,1,8,0,20,20,0.3,200,25,37.1963,617.6380,0.0361,4523,172.8530,0
EXP9_N8,QMAODV,GAUSS,1,8,0,20,20,0.3,200,26,43.1914,824.7196,0.0419,4235,172.6587,0
EXP9_N8,QMAODV,GAUSS,1,8,0,20,20,0.3,200,27,40.0267,137.6296,0.0388,4273,172.7974,0
EXP9_N8,QMAODV,GAUSS,1,8,0,20,20,0.3,200,28,35.3688,648.5040,0.0343,4582,173.0354,0
EXP9_N8,QMAODV,GAUSS,1,8,0,20,20,0.3,200,29,44.4395,727.1241,0.0431,4481,172.6940,0
EXP9_N8,QMAODV,GAUSS,1,8,0,20,20,0.3,200,3,40.4056,398.2685,0.0392,3666,172.8781,0
EXP9_N8,QMAODV,GAUSS,1,8,0,20,20,0.3,200,30,64.6980,278.8635,0.0627,4353,172.7475,0
EXP9_N8,QMAODV,GAUSS,1,8,0,20,20,0.3,200,4,49.9220,649.9271,0.0484,5032,172.6979,0
EXP9_N8,QMAODV,GAUSS,1,8,0,20,20,0.3,200,5,56.0954,332.3563,0.0544,4145,173.0454,0
EXP9_N8,QMAODV,GAUSS,1,8,0,20,20,0.3,200,6,54.8919,640.8746,0.0532,4739,172.8068,0
EXP9_N8,QMAODV,GAUSS,1,8,0,20,20,0.3,200,7,45.2641,426.0852,0.0439,4276,172.7949,0
EXP9_N8,QMAODV,GAUSS,1,8,0,20,20,0.3,200,8,63.0934,268.8968,0.0611,4260,173.0292,0
EXP9_N8,QMAODV,GAUSS,1,8,0,20,20,0.3,200,9,55.0033,374.9395,0.0533,5347,173.3023,0
EXP9_N5,SAQMAODV,GAUSS,1,5,0,20,20,0.3,200,1,28.3994,499.4822,0.0158,1253,107.8911,0
EXP9_N5,SAQMAODV,GAUSS,1,5,0,20,20,0.3,200,10,43.0847,613.8310,0.0240,1345,107.9746,0
EXP9_N5,SAQMAODV,GAUSS,1,5,0,20,20,0.3,200,11,30.2253,702.3996,0.0168,1607,107.9021,0
EXP9_N5,SAQMAODV,GAUSS,1,5,0,20,20,0.3,200,12,22.6107,1337.4697,0.0126,1130,107.8786,0
EXP9_N5,SAQMAODV,GAUSS,1,5,0,20,20,0.3,200,13,41.3753,586.2815,0.0230,1291,108.0426,0
EXP9_N5,SAQMAODV,GAUSS,1,5,0,20,20,0.3,200,14,29.5260,635.6471,0.0164,1361,107.9000,0
EXP9_N5,SAQMAODV,GAUSS,1,5,0,20,20,0.3,200,15,50.1166,260.2497,0.0279,1298,107.9651,0
EXP9_N5,SAQMAODV,GAUSS,1,5,0,20,20,0.3,200,16,45.4545,771.5961,0.0253,1644,107.9524,0
EXP9_N5,SAQMAODV,GAUSS,1,5,0,20,20,0.3,200,17,35.8586,1094.0367,0.0199,1461,108.0019,0
EXP9_N5,SAQMAODV,GAUSS,1,5,0,20,20,0.3,200,18,23.4654,928.5561,0.0130,1247,107.9074,0
EXP9_N5,SAQMAODV,GAUSS,1,5,0,20,20,0.3,200,19,33.3333,368.2200,0.0185,1222,107.9990,0
EXP9_N5,SAQMAODV,GAUSS,1,5,0,20,20,0.3,200,2,34.7319,851.5356,0.0193,1354,107.9572,0
EXP9_N5,SAQMAODV,GAUSS,1,5,0,20,20,0.3,200,20,36.5579,9.4918,0.0203,876,107.9480,0
EXP9_N5,SAQMAODV,GAUSS,1,5,0,20,20,0.3,200,21,19.1919,546.9199,0.0107,1657,107.9050,0
EXP9_N5,SAQMAODV,GAUSS,1,5,0,20,20,0.3,200,22,41.8803,380.3352,0.0233,1297,107.9604,0
EXP9_N5,SAQMAODV,GAUSS,1,5,0,20,20,0.3,200,23,29.1375,832.5818,0.0162,1243,107.9360,0
EXP9_N5,SAQMAODV,GAUSS,1,5,0,20,20,0.3,200,24,39.6270,925.2793,0.0220,1484,107.9307,0
EXP9_N5,SAQMAODV,GAUSS,1,5,0,20,20,0.3,200,25,31.7793,345.9942,0.0177,1562,108.0136,0
EXP9_N5,SAQMAODV,GAUSS,1,5,0,20,20,0.3,200,26,28.5159,378.2922,0.0159,1130,107.8915,0
EXP9_N5,SAQMAODV,GAUSS,1,5,0,20,20,0.3,200,27,50.3497,884.8290,0.0280,1662,107.9582,0
EXP9_N5,SAQMAODV,GAUSS,1,5,0,20,20,0.3,200,28,45.9207,311.2652,0.0255,1432,107.8526,0
EXP9_N5,SAQMAODV,GAUSS,1,5,0,20,20,0.3,200,29,40.9091,638.8217,0.0227,1507,107.8749,0
EXP9_N5,SAQMAODV,GAUSS,1,5,0,20,20,0.3,200,3,53.4188,194.0455,0.0297,1906,108.0125,0
EXP9_N5,SAQMAODV,GAUSS,1,5,0,20,20,0.3,200,30,61.1500,119.3175,0.0340,1561,108.0044,0
EXP9_N5,SAQMAODV,GAUSS,1,5,0,20,20,0.3,200,4,40.2098,1241.8029,0.0224,1615,107.9111,0
EXP9_N5,SAQMAODV,GAUSS,1,5,0,20,20,0.3,200,5,38.3450,348.1334,0.0213,1228,108.0416,0
EXP9_N5,SAQMAODV,GAUSS,1,5,0,20,20,0.3,200,6,28.0886,378.8546,0.0156,1367,107.8929,0
EXP9_N5,SAQMAODV,GAUSS,1,5,0,20,20,0.3,200,7,33.9549,337.5259,0.0189,1482,107.9582,0
EXP9_N5,SAQMAODV,GAUSS,1,5,0,20,20,0.3,200,8,24.9806,1392.6220,0.0139,1333,107.9252,0
EXP9_N5,SAQMAODV,GAUSS,1,5,0,20,20,0.3,200,9,45.1826,209.4976,0.0251,1514,107.8926,0
EXP9_N8,SAQMAODV,GAUSS,1,8,0,20,20,0.3,200,1,45.2418,255.4759,0.0438,3154,172.8711,0
EXP9_N8,SAQMAODV,GAUSS,1,8,0,20,20,0.3,200,10,50.6797,589.1174,0.0491,4059,172.9174,0
EXP9_N8,SAQMAODV,GAUSS,1,8,0,20,20,0.3,200,11,57.4994,602.8157,0.0557,3674,172.7767,0
EXP9_N8,SAQMAODV,GAUSS,1,8,0,20,20,0.3,200,12,41.9880,718.1310,0.0407,2905,172.7073,0
EXP9_N8,SAQMAODV,GAUSS,1,8,0,20,20,0.3,200,13,39.3804,711.2868,0.0382,2814,172.7059,0
EXP9_N8,SAQMAODV,GAUSS,1,8,0,20,20,0.3,200,14,46.7350,322.7107,0.0453,3671,172.9676,0
EXP9_N8,SAQMAODV,GAUSS,1,8,0,20,20,0.3,200,15,23.3564,1130.4674,0.0226,3706,172.7744,0
EXP9_N8,SAQMAODV,GAUSS,1,8,0,20,20,0.3,200,16,45.8435,217.4234,0.0444,3768,173.0531,0
EXP9_N8,SAQMAODV,GAUSS,1,8,0,20,20,0.3,200,17,59.1709,550.3334,0.0573,3648,172.8311,0
EXP9_N8,SAQMAODV,GAUSS,1,8,0,20,20,0.3,200,18,43.6149,201.8558,0.0423,3650,172.7486,0
EXP9_N8,SAQMAODV,GAUSS,1,8,0,20,20,0.3,200,19,43.8378,278.8635,0.0425,3991,172.8825,0
EXP9_N8,SAQMAODV,GAUSS,1,8,0,20,20,0.3,200,2,46.3116,311.8102,0.0449,3972,172.7299,0
EXP9_N8,SAQMAODV,GAUSS,1,8,0,20,20,0.3,200,20,40.6062,691.7721,0.0394,3347,172.7174,0
EXP9_N8,SAQMAODV,GAUSS,1,8,0,20,20,0.3,200,21,56.8977,575.9147,0.0551,4808,172.8798,0
EXP9_N8,SAQMAODV,GAUSS,1,8,0,20,20,0.3,200,22,47.5150,567.7372,0.0461,4169,172.8063,0
EXP9_N8,SAQMAODV,GAUSS,1,8,0,20,20,0.3,200,23,33.1848,476.7639,0.0322,3833,172.6782,0
EXP9_N8,SAQMAODV,GAUSS,1,8,0,20,20,0.3,200,24,33.2293,489.3786,0.0322,3302,172.7007,0
EXP9_N8,SAQMAODV,GAUSS,1,8,0,20,20,0.3,200,25,38.1324,597.6481,0.0370,4189,172.8472,0
EXP9_N8,SAQMAODV,GAUSS,1,8,0,20,20,0.3,200,26,43.1246,772.2450,0.0418,3560,172.6401,0
EXP9_N8,SAQMAODV,GAUSS,1,8,0,20,20,0.3,200,27,40.6731,197.1852,0.0394,4011,172.7748,0
EXP9_N8,SAQMAODV,GAUSS,1,8,0,20,20,0.3,200,28,34.9677,628.2434,0.0339,3960,172.9649,0
EXP9_N8,SAQMAODV,GAUSS,1,8,0,20,20,0.3,200,29,44.5955,669.0257,0.0432,4047,172.6744,0
EXP9_N8,SAQMAODV,GAUSS,1,8,0,20,20,0.3,200,3,40.1605,391.6680,0.0389,3044,172.8554,0
EXP9_N8,SAQMAODV,GAUSS,1,8,0,20,20,0.3,200,30,67.1273,292.8465,0.0651,4039,172.7257,0
EXP9_N8,SAQMAODV,GAUSS,1,8,0,20,20,0.3,200,4,49.4317,699.6867,0.0479,4436,172.6793,0
EXP9_N8,SAQMAODV,GAUSS,1,8,0,20,20,0.3,200,5,57.3880,333.2662,0.0556,3651,173.0376,0
EXP9_N8,SAQMAODV,GAUSS,1,8,0,20,20,0.3,200,6,53.7999,585.9368,0.0521,4195,172.7845,0
EXP9_N8,SAQMAODV,GAUSS,1,8,0,20,20,0.3,200,7,44.9298,341.5521,0.0435,4008,172.7697,0
EXP9_N8,SAQMAODV,GAUSS,1,8,0,20,20,0.3,200,8,62.4916,228.7842,0.0606,3611,173.0041,0
EXP9_N8,SAQMAODV,GAUSS,1,8,0,20,20,0.3,200,9,54.9588,422.8810,0.0533,4697,173.2652,0
